row_type,base_run_name,run_name,backend,model_name,seed,split_seed,num_runs,accuracy,accuracy_std,auc_0,auc_1,auc_2,auc_3,auc_4,auc_W,auc_W/Z/top,auc_W_std,auc_Z,auc_Z_std,auc_gluon,auc_gluon_std,auc_quark,auc_quark/gluon,auc_quark_std,auc_top,auc_top_std,cpu_latency_ms,cpu_latency_ms_std,gpu_latency_ms,gpu_latency_ms_std,macro_auc,macro_auc_std,model_size_bytes,model_size_bytes_std,parameter_count,parameter_count_std
run,baseline_mlp,baseline_mlp,onnx,mlp_baseline,42,42,,0.7659457831325301,,,,,,,0.9538440754265538,,,0.9481819955027939,,0.9393520298906463,,0.9048634077312444,,,0.9625311483063619,,0.01731160469353199,,,,0.94175453137152,,18607,,4389,
run,baseline_mlp,baseline_mlp,pytorch,mlp_baseline,42,42,,0.7659457831325301,,,,,,,0.9538440766679415,,,0.9481819949379957,,0.9393520295521467,,0.9048634077312445,,,0.9625311485312995,,0.1037014052271843,,,,0.9417545314841256,,22588,,4389,
run,binary_448_224_224,binary_448_224_224__seed42,pytorch,binary_large,42,42,,0.7565843373493976,,,,,,,0.9490343853432264,,,0.9432174221054973,,0.9344516824630813,,0.8989889913492293,,,0.9577031478301238,,1.3743075504899025,,,,0.9366791258182318,,644452,,159717,
run,binary_448_224_224,binary_448_224_224__seed43,pytorch,binary_large,43,42,,0.7561385542168675,,,,,,,0.9486499142990831,,,0.941165872348537,,0.9344940347478341,,0.8984940514261508,,,0.9580783169467333,,1.3277360303327441,,,,0.9361764379536677,,644452,,159717,
run,binary_448_224_224,binary_448_224_224__seed44,pytorch,binary_large,44,42,,0.7568072289156627,,,,,,,0.949140198848949,,,0.9427064168281636,,0.9347000707887365,,0.8994523205773017,,,0.9589846280039673,,1.3442717641592026,,,,0.9369967270094236,,644452,,159717,
run,binary_bit158_sigmoid_f7_fixed,binary_bit158_sigmoid_f7_fixed__seed42,pytorch,bit158_mlp,42,42,,0.8496325301204819,,,,,,,,0.9242838915143998,,,,,,,0.924283892501108,,,,0.4863958340138197,,,,0.9242838920077538,,23028,,4257,
run,binary_bit158_sigmoid_f7_fixed,binary_bit158_sigmoid_f7_fixed__seed43,pytorch,bit158_mlp,43,42,,0.8467409638554216,,,,,,,,0.9218601438471457,,,,,,,0.921860143771245,,,,0.48352199140936136,,,,0.9218601438091953,,23028,,4257,
run,binary_bit158_sigmoid_f7_fixed,binary_bit158_sigmoid_f7_fixed__seed44,pytorch,bit158_mlp,44,42,,0.8504397590361445,,,,,,,,0.9235886680423758,,,,,,,0.9235886721410096,,,,0.47263482585549355,,,,0.9235886700916927,,23028,,4257,
run,binary_bit158_topo_sigmoid_f7_fixed,binary_bit158_topo_sigmoid_f7_fixed__seed42,pytorch,bit158_mlp,42,42,,0.8488132530120482,,,,,,,,0.9225514385509694,,,,,,,0.9225514390063734,,,,0.36757754161953926,,,,0.9225514387786714,,30768,,6337,
run,binary_bit158_topo_sigmoid_f7_fixed,binary_bit158_topo_sigmoid_f7_fixed__seed43,pytorch,bit158_mlp,43,42,,0.8504638554216868,,,,,,,,0.9235433439835938,,,,,,,0.9235433439835937,,,,0.3864414291456342,,,,0.9235433439835938,,30768,,6337,
run,binary_bit158_topo_sigmoid_f7_fixed,binary_bit158_topo_sigmoid_f7_fixed__seed44,pytorch,bit158_mlp,44,42,,0.8507289156626506,,,,,,,,0.9239384864372859,,,,,,,0.923938487423994,,,,0.3724366333335638,,,,0.92393848693064,,30768,,6337,
run,binary_bitnet_sigmoid_f7_fixed,binary_bitnet_sigmoid_f7_fixed__seed42,pytorch,bitnet_mlp,42,42,,0.845210843373494,,,,,,,,0.9168716832895139,,,,,,,0.9168716835931164,,,,0.4898301465436816,,,,0.9168716834413151,,23028,,4257,
run,binary_bitnet_sigmoid_f7_fixed,binary_bitnet_sigmoid_f7_fixed__seed43,pytorch,bitnet_mlp,43,42,,0.8457530120481928,,,,,,,,0.9180566560817415,,,,,,,0.9180566824192588,,,,0.49092304427176714,,,,0.9180566692505001,,23028,,4257,
run,binary_bitnet_sigmoid_f7_fixed,binary_bitnet_sigmoid_f7_fixed__seed44,pytorch,bitnet_mlp,44,42,,0.8451867469879518,,,,,,,,0.9178251322278922,,,,,,,0.9178251336700041,,,,0.4851525882259011,,,,0.9178251329489482,,23028,,4257,
run,binary_bitnet_topo_sigmoid_f7_fixed,binary_bitnet_topo_sigmoid_f7_fixed__seed42,pytorch,bitnet_mlp,42,42,,0.8475963855421687,,,,,,,,0.9201585560250563,,,,,,,0.920158555493752,,,,0.37302623968571424,,,,0.9201585557594041,,30768,,6337,
run,binary_bitnet_topo_sigmoid_f7_fixed,binary_bitnet_topo_sigmoid_f7_fixed__seed43,pytorch,bitnet_mlp,43,42,,0.845855421686747,,,,,,,,0.919155373960535,,,,,,,0.9191553740364357,,,,0.37164308596402407,,,,0.9191553739984853,,30768,,6337,
run,binary_bitnet_topo_sigmoid_f7_fixed,binary_bitnet_topo_sigmoid_f7_fixed__seed44,pytorch,bitnet_mlp,44,42,,0.8448493975903615,,,,,,,,0.9178488896551167,,,,,,,0.9178488894274149,,,,0.3703884268179536,,,,0.9178488895412658,,30768,,6337,
run,binary_hgq_mlp_64_32_32,binary_hgq_mlp_64_32_32__seed42,hgq,hgq_mlp,42,42,,0.8524698795180723,,,,,,,,0.9273719515165576,,,,,,,0.9273719515165576,,,,0.506145441904664,,,,0.9273719515165576,,147160,,8540,
run,binary_hgq_mlp_64_32_32,binary_hgq_mlp_64_32_32__seed43,hgq,hgq_mlp,43,42,,0.8541867469879518,,,,,,,,0.9278454792031832,,,,,,,0.9278454792031832,,,,0.4815736133605242,,,,0.9278454792031832,,147160,,8540,
run,binary_hgq_mlp_64_32_32,binary_hgq_mlp_64_32_32__seed44,hgq,hgq_mlp,44,42,,0.8547349397590361,,,,,,,,0.9276077925221098,,,,,,,0.9276077925221099,,,,0.5032568098977208,,,,0.9276077925221098,,147160,,8540,
run,binary_hgq_topo_128_32,binary_hgq_topo_128_32__seed42,hgq,hgq_mlp,42,42,,0.853578313253012,,,,,,,,0.9273320884319115,,,,,,,0.9273320884319116,,,,0.5228361068293452,,,,0.9273320884319116,,190328,,12698,
run,binary_hgq_topo_128_32,binary_hgq_topo_128_32__seed43,hgq,hgq_mlp,43,42,,0.8540602409638555,,,,,,,,0.928158432208669,,,,,,,0.9281584322086689,,,,0.47974929213523865,,,,0.9281584322086689,,190328,,12698,
run,binary_hgq_topo_128_32,binary_hgq_topo_128_32__seed44,hgq,hgq_mlp,44,42,,0.8526506024096385,,,,,,,,0.927141615583405,,,,,,,0.9271416155834051,,,,0.48015941865742207,,,,0.9271416155834051,,190328,,12698,
run,binary_mlp_baseline_64_32_32,binary_mlp_baseline_64_32_32__seed42,pytorch,mlp_baseline,42,42,,0.8598433734939759,,,,,,,,0.9324996430439101,,,,,,,0.9324996431957115,,,,0.042628152295947075,,,,0.9324996431198108,,22940,,4257,
run,binary_mlp_baseline_64_32_32,binary_mlp_baseline_64_32_32__seed43,pytorch,mlp_baseline,43,42,,0.8594156626506024,,,,,,,,0.9323458150176092,,,,,,,0.9323458159284166,,,,0.041423761285841465,,,,0.9323458154730129,,22940,,4257,
run,binary_mlp_baseline_64_32_32,binary_mlp_baseline_64_32_32__seed44,pytorch,mlp_baseline,44,42,,0.8593614457831326,,,,,,,,0.9325757140667588,,,,,,,0.932575714825765,,,,0.0387352192774415,,,,0.9325757144462619,,22940,,4257,
run,binary_mlp_topo_128_32,binary_mlp_topo_128_32__seed42,pytorch,mlp_topo,42,42,,0.8593734939759036,,,,,,,,0.9320562744710033,,,,,,,0.9320562732565932,,,,0.03298050258308649,,,,0.9320562738637983,,30510,,6337,
run,binary_mlp_topo_128_32,binary_mlp_topo_128_32__seed43,pytorch,mlp_topo,43,42,,0.8593072289156627,,,,,,,,0.9325106022593895,,,,,,,0.9325106023352902,,,,0.033920034766197205,,,,0.9325106022973398,,30510,,6337,
run,binary_mlp_topo_128_32,binary_mlp_topo_128_32__seed44,pytorch,mlp_topo,44,42,,0.8593132530120482,,,,,,,,0.931833084581783,,,,,,,0.931833084809485,,,,0.03504246473312378,,,,0.931833084695634,,30510,,6337,
run,binary_qkeras_mlp_64_32_32_b7,binary_qkeras_mlp_64_32_32_b7__seed42,qkeras,qkeras_mlp,42,42,,0.8595903614457832,,,,,,,,0.9322736903719059,,,,,,,0.9322736903719058,,,,0.26700996793806553,,,,0.9322736903719058,,83896,,4257,
run,binary_qkeras_mlp_64_32_32_b7,binary_qkeras_mlp_64_32_32_b7__seed43,qkeras,qkeras_mlp,43,42,,0.8597469879518073,,,,,,,,0.9324038079534698,,,,,,,0.9324038079534698,,,,0.26306319516152143,,,,0.9324038079534698,,83896,,4257,
run,binary_qkeras_mlp_64_32_32_b7,binary_qkeras_mlp_64_32_32_b7__seed44,qkeras,qkeras_mlp,44,42,,0.8591927710843373,,,,,,,,0.9324786238076672,,,,,,,0.9324786238076672,,,,0.26163874194025993,,,,0.9324786238076672,,83896,,4257,
run,binary_qkeras_mlp_binary_64_32_32,binary_qkeras_mlp_binary_64_32_32__seed42,qkeras,qkeras_mlp,42,42,,0.8298855421686747,,,,,,,,0.8892548661222589,,,,,,,0.889254866122259,,,,0.25045977905392647,,,,0.889254866122259,,83896,,4257,
run,binary_qkeras_mlp_binary_64_32_32,binary_qkeras_mlp_binary_64_32_32__seed43,qkeras,qkeras_mlp,43,42,,0.8280783132530121,,,,,,,,0.8945885098994747,,,,,,,0.894588509899475,,,,0.2443786198273301,,,,0.8945885098994748,,83896,,4257,
run,binary_qkeras_mlp_binary_64_32_32,binary_qkeras_mlp_binary_64_32_32__seed44,qkeras,qkeras_mlp,44,42,,0.8303614457831325,,,,,,,,0.8819696778225912,,,,,,,0.8819696778225911,,,,0.2477876842021942,,,,0.8819696778225912,,83896,,4257,
run,binary_qkeras_mlp_ternary_64_32_32,binary_qkeras_mlp_ternary_64_32_32__seed42,qkeras,qkeras_mlp,42,42,,0.8374216867469879,,,,,,,,0.9036846535860731,,,,,,,0.903684653586073,,,,0.2570903394371271,,,,0.903684653586073,,83896,,4257,
run,binary_qkeras_mlp_ternary_64_32_32,binary_qkeras_mlp_ternary_64_32_32__seed43,qkeras,qkeras_mlp,43,42,,0.8329277108433735,,,,,,,,0.901214413673503,,,,,,,0.9012144136735027,,,,0.2607398247346282,,,,0.9012144136735029,,83896,,4257,
run,binary_qkeras_mlp_ternary_64_32_32,binary_qkeras_mlp_ternary_64_32_32__seed44,qkeras,qkeras_mlp,44,42,,0.8360060240963856,,,,,,,,0.9024909446317995,,,,,,,0.9024909446317997,,,,0.27182562276721,,,,0.9024909446317996,,83896,,4257,
run,binary_qkeras_topo_128_32_b7,binary_qkeras_topo_128_32_b7__seed42,qkeras,qkeras_mlp,42,42,,0.8594397590361446,,,,,,,,0.9325468456431844,,,,,,,0.9325468456431845,,,,0.2568596275523305,,,,0.9325468456431845,,104576,,6337,
run,binary_qkeras_topo_128_32_b7,binary_qkeras_topo_128_32_b7__seed43,qkeras,qkeras_mlp,43,42,,0.8597771084337349,,,,,,,,0.932652113663417,,,,,,,0.932652113663417,,,,0.2428610296919942,,,,0.932652113663417,,104576,,6337,
run,binary_qkeras_topo_128_32_b7,binary_qkeras_topo_128_32_b7__seed44,qkeras,qkeras_mlp,44,42,,0.8597530120481928,,,,,,,,0.9322459758655477,,,,,,,0.9322459758655476,,,,0.2500254148617387,,,,0.9322459758655477,,104576,,6337,
run,binary_qkeras_topo_binary_128_32,binary_qkeras_topo_binary_128_32__seed42,qkeras,qkeras_mlp,42,42,,0.8309457831325301,,,,,,,,0.8946455014783776,,,,,,,0.8946455014783775,,,,0.23242215160280466,,,,0.8946455014783776,,104576,,6337,
run,binary_qkeras_topo_binary_128_32,binary_qkeras_topo_binary_128_32__seed43,qkeras,qkeras_mlp,43,42,,0.8292710843373494,,,,,,,,0.8935592722126761,,,,,,,0.893559272212676,,,,0.23172258399426937,,,,0.893559272212676,,104576,,6337,
run,binary_qkeras_topo_binary_128_32,binary_qkeras_topo_binary_128_32__seed44,qkeras,qkeras_mlp,44,42,,0.8368072289156626,,,,,,,,0.9008506205312448,,,,,,,0.9008506205312447,,,,0.24683867115527391,,,,0.9008506205312448,,104576,,6337,
run,binary_qkeras_topo_ternary_128_32,binary_qkeras_topo_ternary_128_32__seed42,qkeras,qkeras_mlp,42,42,,0.840789156626506,,,,,,,,0.9080946709952539,,,,,,,0.9080946709952538,,,,0.2488026674836874,,,,0.9080946709952538,,104576,,6337,
run,binary_qkeras_topo_ternary_128_32,binary_qkeras_topo_ternary_128_32__seed43,qkeras,qkeras_mlp,43,42,,0.8401987951807229,,,,,,,,0.9072378286012781,,,,,,,0.9072378286012782,,,,0.2570173190906644,,,,0.9072378286012781,,104576,,6337,
run,binary_qkeras_topo_ternary_128_32,binary_qkeras_topo_ternary_128_32__seed44,qkeras,qkeras_mlp,44,42,,0.8374156626506024,,,,,,,,0.9080463169075835,,,,,,,0.9080463169075836,,,,0.25200437288731337,,,,0.9080463169075836,,104576,,6337,
run,binary_topqg_bit158_sigmoid_f7_fixed,binary_topqg_bit158_sigmoid_f7_fixed__seed42,pytorch,bit158_mlp,42,42,,0.8997066798375147,,,,,,,,,,,,,,,0.9565453471536332,,0.9565453476074497,,0.4827436991035938,,,,0.9565453473805414,,23100,,4257,
run,binary_topqg_bit158_sigmoid_f7_fixed,binary_topqg_bit158_sigmoid_f7_fixed__seed43,pytorch,bit158_mlp,43,42,,0.8986886270398855,,,,,,,,,,,,,,,0.954865989731007,,0.9548659917731817,,0.4607368307188153,,,,0.9548659907520943,,23100,,4257,
run,binary_topqg_bit158_sigmoid_f7_fixed,binary_topqg_bit158_sigmoid_f7_fixed__seed44,pytorch,bit158_mlp,44,42,,0.8986079891945287,,,,,,,,,,,,,,,0.9554914989988956,,0.9554914978643541,,0.47144132666289806,,,,0.9554914984316248,,23100,,4257,
run,binary_topqg_bit158_topo_sigmoid_f7_fixed,binary_topqg_bit158_topo_sigmoid_f7_fixed__seed42,pytorch,bit158_mlp,42,42,,0.8982854378131017,,,,,,,,,,,,,,,0.9559914968891021,,0.955991497569827,,0.4657129431143403,,,,0.9559914972294645,,30892,,6337,
run,binary_topqg_bit158_topo_sigmoid_f7_fixed,binary_topqg_bit158_topo_sigmoid_f7_fixed__seed43,pytorch,bit158_mlp,43,42,,0.9002308258323337,,,,,,,,,,,,,,,0.957550247330095,,0.9575502498260863,,0.37543012760579586,,,,0.9575502485780907,,30892,,6337,
run,binary_topqg_bit158_topo_sigmoid_f7_fixed,binary_topqg_bit158_topo_sigmoid_f7_fixed__seed44,pytorch,bit158_mlp,44,42,,0.9012085597072846,,,,,,,,,,,,,,,0.9568518709990468,,0.9568518698645053,,0.3737996146082878,,,,0.9568518704317761,,30892,,6337,
run,binary_topqg_bitnet_sigmoid_f7_fixed,binary_topqg_bitnet_sigmoid_f7_fixed__seed42,pytorch,bitnet_mlp,42,42,,0.8983862351197976,,,,,,,,,,,,,,,0.9543741918530337,,0.9543741911723087,,0.48969000577926636,,,,0.9543741915126712,,23100,,4257,
run,binary_topqg_bitnet_sigmoid_f7_fixed,binary_topqg_bitnet_sigmoid_f7_fixed__seed43,pytorch,bitnet_mlp,43,42,,0.897025471479402,,,,,,,,,,,,,,,0.9535961094425904,,0.9535961080811406,,0.4802675358951092,,,,0.9535961087618655,,23100,,4257,
run,binary_topqg_bitnet_sigmoid_f7_fixed,binary_topqg_bitnet_sigmoid_f7_fixed__seed44,pytorch,bitnet_mlp,44,42,,0.8979628864316745,,,,,,,,,,,,,,,0.9541716430645016,,0.9541716423837766,,0.49074876587837934,,,,0.9541716427241391,,23100,,4257,
run,binary_topqg_bitnet_topo_sigmoid_f7_fixed,binary_topqg_bitnet_topo_sigmoid_f7_fixed__seed42,pytorch,bitnet_mlp,42,42,,0.898426554042476,,,,,,,,,,,,,,,0.9552324071573888,,0.9552324071573888,,0.3715202771127224,,,,0.9552324071573888,,30892,,6337,
run,binary_topqg_bitnet_topo_sigmoid_f7_fixed,binary_topqg_bitnet_topo_sigmoid_f7_fixed__seed43,pytorch,bitnet_mlp,43,42,,0.8951909604975355,,,,,,,,,,,,,,,0.9528945518571419,,0.9528945625218321,,0.363304833881557,,,,0.952894557189487,,30892,,6337,
run,binary_topqg_bitnet_topo_sigmoid_f7_fixed,binary_topqg_bitnet_topo_sigmoid_f7_fixed__seed44,pytorch,bitnet_mlp,44,42,,0.8980636837383705,,,,,,,,,,,,,,,0.9544133158363555,,0.9544133153825389,,0.379971694201231,,,,0.9544133156094472,,30892,,6337,
run,binary_topqg_hgq_mlp_64_32_32,binary_topqg_hgq_mlp_64_32_32__seed42,hgq,hgq_mlp,42,42,,0.9075890292211393,,,,,,,,,,,,,,,0.9621120429286111,,0.9621120429286112,,0.504701747559011,,,,0.9621120429286112,,147160,,8540,
run,binary_topqg_hgq_mlp_64_32_32,binary_topqg_hgq_mlp_64_32_32__seed43,hgq,hgq_mlp,43,42,,0.907871261679888,,,,,,,,,,,,,,,0.9621061911903996,,0.9621061911903998,,0.48407062888145447,,,,0.9621061911903996,,147160,,8540,
run,binary_topqg_hgq_mlp_64_32_32,binary_topqg_hgq_mlp_64_32_32__seed44,hgq,hgq_mlp,44,42,,0.9061476277353869,,,,,,,,,,,,,,,0.961527800112236,,0.9615278001122358,,0.4940394125878811,,,,0.9615278001122359,,147160,,8540,
run,binary_topqg_hgq_topo_128_32,binary_topqg_hgq_topo_128_32__seed42,hgq,hgq_mlp,42,42,,0.9076898265278351,,,,,,,,,,,,,,,0.9620113398894505,,0.9620113398894505,,0.49789329525083303,,,,0.9620113398894505,,190328,,12698,
run,binary_topqg_hgq_topo_128_32,binary_topqg_hgq_topo_128_32__seed43,hgq,hgq_mlp,43,42,,0.9068532088822586,,,,,,,,,,,,,,,0.9610403763456086,,0.9610403763456087,,0.4708849685266614,,,,0.9610403763456086,,190328,,12698,
run,binary_topqg_hgq_topo_128_32,binary_topqg_hgq_topo_128_32__seed44,hgq,hgq_mlp,44,42,,0.906792730498241,,,,,,,,,,,,,,,0.9617301308418895,,0.9617301308418893,,0.5047328397631645,,,,0.9617301308418894,,190328,,12698,
run,binary_topqg_mlp_baseline_64_32_32,binary_topqg_mlp_baseline_64_32_32__seed42,pytorch,mlp_baseline,42,42,,0.9100787226965296,,,,,,,,,,,,,,,0.9641564415787649,,0.9641564429402147,,0.041357893496751785,,,,0.9641564422594898,,22948,,4257,
run,binary_topqg_mlp_baseline_64_32_32,binary_topqg_mlp_baseline_64_32_32__seed43,pytorch,mlp_baseline,43,42,,0.9088993942081868,,,,,,,,,,,,,,,0.9633057550918842,,0.9633057550918843,,0.04016362130641937,,,,0.9633057550918842,,23012,,4257,
run,binary_topqg_mlp_baseline_64_32_32,binary_topqg_mlp_baseline_64_32_32__seed44,pytorch,mlp_baseline,44,42,,0.909967845659164,,,,,,,,,,,,,,,0.9640204692745241,,0.9640204699552491,,0.04083750303834677,,,,0.9640204696148866,,23012,,4257,
run,binary_topqg_mlp_topo_128_32,binary_topqg_mlp_topo_128_32__seed42,pytorch,mlp_topo,42,42,,0.9094940983176929,,,,,,,,,,,,,,,0.9640118324638087,,0.9640118351867084,,0.034161657094955444,,,,0.9640118338252586,,30634,,6337,
run,binary_topqg_mlp_topo_128_32,binary_topqg_mlp_topo_128_32__seed43,pytorch,mlp_topo,43,42,,0.9085264441734117,,,,,,,,,,,,,,,0.9632543217869721,,0.9632543229215138,,0.03310324624180794,,,,0.9632543223542429,,30634,,6337,
run,binary_topqg_mlp_topo_128_32,binary_topqg_mlp_topo_128_32__seed44,pytorch,mlp_topo,44,42,,0.9091816266669355,,,,,,,,,,,,,,,0.9636450821629472,,0.9636450828436722,,0.03482413478195667,,,,0.9636450825033097,,30634,,6337,
run,binary_topqg_qkeras_mlp_64_32_32_b7,binary_topqg_qkeras_mlp_64_32_32_b7__seed42,qkeras,qkeras_mlp,42,42,,0.909917447005816,,,,,,,,,,,,,,,0.9642240525380071,,0.964224052538007,,0.24459023494273424,,,,0.964224052538007,,83896,,4257,
run,binary_topqg_qkeras_mlp_64_32_32_b7,binary_topqg_qkeras_mlp_64_32_32_b7__seed43,qkeras,qkeras_mlp,43,42,,0.9109657389954541,,,,,,,,,,,,,,,0.964356478492389,,0.964356478492389,,0.25928409304469824,,,,0.964356478492389,,83896,,4257,
run,binary_topqg_qkeras_mlp_64_32_32_b7,binary_topqg_qkeras_mlp_64_32_32_b7__seed44,qkeras,qkeras_mlp,44,42,,0.9099073672751464,,,,,,,,,,,,,,,0.9639956938377068,,0.9639956938377067,,0.2689504064619541,,,,0.9639956938377068,,83896,,4257,
run,binary_topqg_qkeras_mlp_binary_64_32_32,binary_topqg_qkeras_mlp_binary_64_32_32__seed42,qkeras,qkeras_mlp,42,42,,0.8778235845538207,,,,,,,,,,,,,,,0.9359843018355878,,0.9359843018355877,,0.2511491859331727,,,,0.9359843018355878,,83896,,4257,
run,binary_topqg_qkeras_mlp_binary_64_32_32,binary_topqg_qkeras_mlp_binary_64_32_32__seed43,qkeras,qkeras_mlp,43,42,,0.8776119102097591,,,,,,,,,,,,,,,0.9368676386119217,,0.9368676386119217,,0.2539190510287881,,,,0.9368676386119217,,83896,,4257,
run,binary_topqg_qkeras_mlp_binary_64_32_32,binary_topqg_qkeras_mlp_binary_64_32_32__seed44,qkeras,qkeras_mlp,44,42,,0.8674313822334667,,,,,,,,,,,,,,,0.9335221148539231,,0.933522114853923,,0.25209037121385336,,,,0.933522114853923,,83896,,4257,
run,binary_topqg_qkeras_mlp_ternary_64_32_32,binary_topqg_qkeras_mlp_ternary_64_32_32__seed42,qkeras,qkeras_mlp,42,42,,0.8843149311050409,,,,,,,,,,,,,,,0.9406259537267949,,0.940625953726795,,0.25525466073304415,,,,0.9406259537267949,,83896,,4257,
run,binary_topqg_qkeras_mlp_ternary_64_32_32,binary_topqg_qkeras_mlp_ternary_64_32_32__seed43,qkeras,qkeras_mlp,43,42,,0.8844560473344152,,,,,,,,,,,,,,,0.9428247317095907,,0.9428247317095909,,0.2623150637373328,,,,0.9428247317095908,,83896,,4257,
run,binary_topqg_qkeras_mlp_ternary_64_32_32,binary_topqg_qkeras_mlp_ternary_64_32_32__seed44,qkeras,qkeras_mlp,44,42,,0.8868953421564576,,,,,,,,,,,,,,,0.9408153479603102,,0.9408153479603102,,0.2752560470253229,,,,0.9408153479603102,,83896,,4257,
run,binary_topqg_qkeras_topo_128_32_b7,binary_topqg_qkeras_topo_128_32_b7__seed42,qkeras,qkeras_mlp,42,42,,0.9104819119233134,,,,,,,,,,,,,,,0.9646856019509082,,0.9646856019509082,,0.25522840209305286,,,,0.9646856019509082,,104576,,6337,
run,binary_topqg_qkeras_topo_128_32_b7,binary_topqg_qkeras_topo_128_32_b7__seed43,qkeras,qkeras_mlp,43,42,,0.9107943835740709,,,,,,,,,,,,,,,0.964451142820897,,0.964451142820897,,0.24879819247871637,,,,0.964451142820897,,104576,,6337,
run,binary_topqg_qkeras_topo_128_32_b7,binary_topqg_qkeras_topo_128_32_b7__seed44,qkeras,qkeras_mlp,44,42,,0.9102399983872431,,,,,,,,,,,,,,,0.9643779251844099,,0.96437792518441,,0.24876869283616543,,,,0.96437792518441,,104576,,6337,
run,binary_topqg_qkeras_topo_binary_128_32,binary_topqg_qkeras_topo_binary_128_32__seed42,qkeras,qkeras_mlp,42,42,,0.8828735296192886,,,,,,,,,,,,,,,0.9411672965787875,,0.9411672965787876,,0.2416970068588853,,,,0.9411672965787876,,104576,,6337,
run,binary_topqg_qkeras_topo_binary_128_32,binary_topqg_qkeras_topo_binary_128_32__seed43,qkeras,qkeras_mlp,43,42,,0.8794262617302866,,,,,,,,,,,,,,,0.9423471353415418,,0.9423471353415416,,0.2442861581221223,,,,0.9423471353415417,,104576,,6337,
run,binary_topqg_qkeras_topo_binary_128_32,binary_topqg_qkeras_topo_binary_128_32__seed44,qkeras,qkeras_mlp,44,42,,0.8721990948401859,,,,,,,,,,,,,,,0.9377801376432842,,0.9377801376432842,,0.23153366055339575,,,,0.9377801376432842,,104576,,6337,
run,binary_topqg_qkeras_topo_ternary_128_32,binary_topqg_qkeras_topo_ternary_128_32__seed42,qkeras,qkeras_mlp,42,42,,0.8917840115312119,,,,,,,,,,,,,,,0.9477489963031184,,0.9477489963031183,,0.24765080772340298,,,,0.9477489963031183,,104576,,6337,
run,binary_topqg_qkeras_topo_ternary_128_32,binary_topqg_qkeras_topo_ternary_128_32__seed43,qkeras,qkeras_mlp,43,42,,0.886683667812396,,,,,,,,,,,,,,,0.9465143875488647,,0.9465143875488647,,0.25000283028930426,,,,0.9465143875488647,,104576,,6337,
run,binary_topqg_qkeras_topo_ternary_128_32,binary_topqg_qkeras_topo_ternary_128_32__seed44,qkeras,qkeras_mlp,44,42,,0.8870465381165016,,,,,,,,,,,,,,,0.9443739483713488,,0.944373948371349,,0.2565357321873307,,,,0.9443739483713489,,104576,,6337,
run,binary_topqg_xgboost_bdt_d4_100,binary_topqg_xgboost_bdt_d4_100__seed42,xgboost,xgboost_bdt,42,42,,0.9036982531826749,,,,,,,,,,,,,,,0.9586470451421334,,0.9586470474112163,,0.18756461329758167,,,,0.9586470462766749,,180427,,3096,
run,binary_topqg_xgboost_bdt_d4_100,binary_topqg_xgboost_bdt_d4_100__seed43,xgboost,xgboost_bdt,43,42,,0.9027910774224113,,,,,,,,,,,,,,,0.9583052624694215,,0.9583052647385045,,0.18443173728883266,,,,0.9583052636039631,,180359,,3094,
run,binary_topqg_xgboost_bdt_d4_100,binary_topqg_xgboost_bdt_d4_100__seed44,xgboost,xgboost_bdt,44,42,,0.903174107187856,,,,,,,,,,,,,,,0.9583113594955079,,0.9583113592685994,,0.185994622297585,,,,0.9583113593820537,,180223,,3090,
run,binary_xgboost_bdt_d4_100,binary_xgboost_bdt_d4_100__seed42,xgboost,xgboost_bdt,42,42,,0.8474819277108434,,,,,,,,0.9207411791727791,,,,,,,0.920741178793276,,,,0.18424739129841328,,,,0.9207411789830275,,180485,,3098,
run,binary_xgboost_bdt_d4_100,binary_xgboost_bdt_d4_100__seed43,xgboost,xgboost_bdt,43,42,,0.8470722891566265,,,,,,,,0.9207803848821039,,,,,,,0.9207803855652095,,,,0.18695127218961716,,,,0.9207803852236567,,180553,,3100,
run,binary_xgboost_bdt_d4_100,binary_xgboost_bdt_d4_100__seed44,xgboost,xgboost_bdt,44,42,,0.8470301204819277,,,,,,,,0.9207318817256043,,,,,,,0.9207318800557904,,,,0.18614328000694513,,,,0.9207318808906974,,180553,,3100,
run,bit158_mlp_f7_fixed,bit158_mlp_f7_fixed__seed42,pytorch,bit158_mlp,42,42,,0.7443614457831326,,,,,,,0.9440554559909692,,,0.9352243753366727,,0.9255181848633962,,0.8932381396917481,,,0.949788738272844,,1.0531279821880162,,,,0.9295649788311261,,23216,,4389,
run,bit158_mlp_f7_fixed,bit158_mlp_f7_fixed__seed43,pytorch,bit158_mlp,43,42,,0.7405602409638554,,,,,,,0.9429596886084125,,,0.9338991026909106,,0.9277017627509638,,0.8919522958034243,,,0.948929417604089,,0.9365791720338166,,,,0.92908845349156,,23216,,4389,
run,bit158_mlp_f7_fixed,bit158_mlp_f7_fixed__seed44,pytorch,bit158_mlp,44,42,,0.7412831325301205,,,,,,,0.9435620652637204,,,0.9312589491222683,,0.9244529894665966,,0.8949663473334991,,,0.9497375287276391,,0.9309992357157171,,,,0.9287955759827448,,23216,,4389,
run,bit158_topo_f7_fixed,bit158_topo_f7_fixed__seed42,pytorch,bit158_topo,42,42,,0.7411265060240964,,,,,,,0.9419098345090421,,,0.92715063663352,,0.926420876062448,,0.8928097741913628,,,0.9511119106522201,,0.879286483861506,,,,0.9278806064097187,,30938,,6469,
run,bit158_topo_f7_fixed,bit158_topo_f7_fixed__seed43,pytorch,bit158_topo,43,42,,0.7403253012048193,,,,,,,0.9413395210887631,,,0.9327738659945568,,0.9258009149927272,,0.8930580027938038,,,0.9511133406937452,,0.9404858592897654,,,,0.9288171291127192,,30938,,6469,
run,bit158_topo_f7_fixed,bit158_topo_f7_fixed__seed44,pytorch,bit158_topo,44,42,,0.7423012048192771,,,,,,,0.9424629939845985,,,0.9283300129691796,,0.9257539521172518,,0.8928845147644073,,,0.9502094052037227,,0.9573414288461208,,,,0.9279281758078319,,30938,,6469,
run,bitnet_binary_f7_fixed,bitnet_binary_f7_fixed,pytorch,bitnet_mlp,42,42,,0.8443493975903614,,,,,,,,0.9166793635510764,,,,,,,0.9166793793384067,,,,0.5150376744568348,,,,0.9166793714447415,,22836,,4290,
run,bitnet_binary_sigmoid_f7_fixed,bitnet_binary_sigmoid_f7_fixed,pytorch,bitnet_mlp,42,42,,0.845210843373494,,,,,,,,0.9168716832895139,,,,,,,0.9168716835931164,,,,0.48182815313339233,,,,0.9168716834413151,,22932,,4257,
run,bitnet_mlp_f10_fixed,bitnet_mlp_f10_fixed__seed43,pytorch,bitnet_mlp,43,42,,0.7198012048192771,,,,,,,0.9328787354933614,,,0.9118494321306662,,0.9146802039065397,,0.8864681505676981,,,0.9375711923932541,,1.1993093541823328,,,,0.916689542898304,,23292,,4389,
run,bitnet_mlp_f10_fixed,bitnet_mlp_f10_fixed__seed44,pytorch,bitnet_mlp,44,42,,0.7224819277108434,,,,,,,0.9314975446716198,,,0.9123233021494104,,0.9137575190007604,,0.8861805214818945,,,0.9400952034259094,,1.1692568459548056,,,,0.9167708181459189,,23292,,4389,
run,bitnet_mlp_f10_fixed,bitnet_mlp_f10_fixed,onnx,bitnet_mlp,42,42,,0.7212228915662651,,,,,,,0.9317012941761671,,,0.8973778910574788,,0.9182390460177563,,0.8894090027062145,,,0.9331408143163678,,0.052401987835764885,,,,0.9139736096547969,,35086,,4389,
run,bitnet_mlp_f10_fixed,bitnet_mlp_f10_fixed,pytorch,bitnet_mlp,42,42,,0.7212228915662651,,,,,,,0.9317012954175545,,,0.8973778899278824,,0.9182390451150906,,0.8894090022421433,,,0.9331408137540236,,1.3031434398144484,,,,0.9139736092913389,,22812,,4389,
run,bitnet_mlp_f12_fixed,bitnet_mlp_f12_fixed__seed43,pytorch,bitnet_mlp,43,42,,0.7197530120481928,,,,,,,0.9314251725668252,,,0.9047664662338901,,0.9173455236455396,,0.8843766995364626,,,0.9368156891402164,,1.285571513697505,,,,0.9149459102245867,,23292,,4389,
run,bitnet_mlp_f12_fixed,bitnet_mlp_f12_fixed__seed44,pytorch,bitnet_mlp,44,42,,0.7163975903614458,,,,,,,0.931853132012836,,,0.907092384924123,,0.9183449645851807,,0.8838611220052608,,,0.9306948224803924,,1.3354519535787404,,,,0.9143692852015585,,23292,,4389,
run,bitnet_mlp_f12_fixed,bitnet_mlp_f12_fixed,onnx,bitnet_mlp,42,42,,0.7251987951807229,,,,,,,0.9343061752243444,,,0.9108789556880479,,0.9170537687773859,,0.8885026964542143,,,0.9360244971567986,,0.05222740210592747,,,,0.9173532186601584,,35086,,4389,
run,bitnet_mlp_f12_fixed,bitnet_mlp_f12_fixed,pytorch,bitnet_mlp,42,42,,0.7251987951807229,,,,,,,0.934306175337198,,,0.910878954671411,,0.9170537686645526,,0.8885026965702323,,,0.9360244962570476,,1.3052123039960861,,,,0.9173532183000883,,22812,,4389,
run,bitnet_mlp_f5_fixed,bitnet_mlp_f5_fixed__seed43,pytorch,bitnet_mlp,43,42,,0.7217349397590361,,,,,,,0.9314479646681401,,,0.9133063384624074,,0.9163011139317847,,0.8865205119882583,,,0.9363638036661743,,1.251710508018732,,,,0.9167879465433529,,23280,,4389,
run,bitnet_mlp_f5_fixed,bitnet_mlp_f5_fixed__seed44,pytorch,bitnet_mlp,44,42,,0.7223253012048193,,,,,,,0.9333062317889587,,,0.9043568477762834,,0.9189112714314345,,0.8868783187799978,,,0.937930077931246,,1.273050361778587,,,,0.916276549541584,,23280,,4389,
run,bitnet_mlp_f5_fixed,bitnet_mlp_f5_fixed,onnx,bitnet_mlp,42,42,,0.7205722891566265,,,,,,,0.9297785672163033,,,0.9061724232456838,,0.9170078110201659,,0.8850029350353502,,,0.9386734104793217,,0.04180639423429966,,,,0.9153270293993649,,35086,,4389,
run,bitnet_mlp_f5_fixed,bitnet_mlp_f5_fixed,pytorch,bitnet_mlp,42,42,,0.720066265060241,,,,,,,0.9333219003570388,,,0.9093318903867808,,0.9169133670262709,,0.8865472183755418,,,0.9361730912364694,,0.47829401679337025,,,,0.9164574934764204,,23056,,4389,
run,bitnet_mlp_f7_fixed,bitnet_mlp_f7_fixed__seed41,pytorch,bitnet_mlp,41,42,,0.720132530120482,,,,,,,0.9291627598761261,,,0.9091341698842517,,0.9167683121463119,,0.8880951459532872,,,0.9380376859973416,,0.48453369550406933,,,,0.9162396147714638,,23280,,4389,
run,bitnet_mlp_f7_fixed,bitnet_mlp_f7_fixed__seed43,pytorch,bitnet_mlp,43,42,,0.7178433734939759,,,,,,,0.9300173837752155,,,0.9110302092224491,,0.9157295477038371,,0.8849137176355191,,,0.9382577688819409,,0.4888852573931217,,,,0.9159897254437922,,23280,,4389,
run,bitnet_mlp_f7_fixed,bitnet_mlp_f7_fixed__seed44,pytorch,bitnet_mlp,44,42,,0.7241867469879518,,,,,,,0.9330053089489625,,,0.9088839357965597,,0.9165572526579627,,0.8842756323026479,,,0.9378623871996403,,0.4948118906468153,,,,0.9161169033811547,,23280,,4389,
run,bitnet_mlp_f7_fixed,bitnet_mlp_f7_fixed__seed45,pytorch,bitnet_mlp,45,42,,0.7251144578313253,,,,,,,0.9332267757624778,,,0.9071984644265356,,0.9192317615337757,,0.8881968410758556,,,0.936965041822332,,0.5008844695985317,,,,0.9169637769241954,,23280,,4389,
run,bitnet_mlp_f7_fixed,bitnet_mlp_f7_fixed,onnx,bitnet_mlp,42,42,,0.7192228915662651,,,,,,,0.930091345307501,,,0.908585665957139,,0.9124813014634046,,0.8860073913676505,,,0.9333922376603725,,0.055131008848547935,,,,0.9141115883512135,,35086,,4389,
run,bitnet_mlp_f7_fixed,bitnet_mlp_f7_fixed,pytorch,bitnet_mlp,42,42,,0.7215240963855422,,,,,,,0.9314193395123859,,,0.9085556547247138,,0.9153754655745163,,0.8853825287083088,,,0.9370180229769827,,0.4886896628886461,,,,0.9155502022993816,,23056,,4389,
run,bitnet_mlp_f7_power2,bitnet_mlp_f7_power2__seed43,pytorch,bitnet_mlp,43,42,,0.7175542168674699,,,,,,,0.9256092158712932,,,0.912061651794823,,0.9137529591849831,,0.8860538407492033,,,0.935866357507772,,1.4515364980325103,,,,0.9146688050216149,,23292,,4389,
run,bitnet_mlp_f7_power2,bitnet_mlp_f7_power2__seed44,pytorch,bitnet_mlp,44,42,,0.723987951807229,,,,,,,0.9270460266112627,,,0.9014878820136468,,0.9170282940845356,,0.8871016477415632,,,0.9346737108611467,,1.2775781941600144,,,,0.9134675122624311,,23292,,4389,
run,bitnet_mlp_f7_power2,bitnet_mlp_f7_power2,onnx,bitnet_mlp,42,42,,0.7259156626506024,,,,,,,0.9302145033673631,,,0.9106627981375779,,0.9177797921640436,,0.8858940972417498,,,0.9370945196827362,,0.046673210337758064,,,,0.9163291421186941,,36154,,4389,
run,bitnet_mlp_f7_power2,bitnet_mlp_f7_power2,pytorch,bitnet_mlp,42,42,,0.7259156626506024,,,,,,,0.9302145037059235,,,0.9106627982505374,,0.9177797928410429,,0.8858940973577677,,,0.9370945203575491,,1.2385440859943628,,,,0.916329142502564,,22812,,4389,
run,bitnet_mlp_f8_fixed,bitnet_mlp_f8_fixed__seed43,pytorch,bitnet_mlp,43,42,,0.7232710843373494,,,,,,,0.9283536611573306,,,0.9090298748054094,,0.9151693903804891,,0.8879330594647954,,,0.9358656759464947,,1.182796869892627,,,,0.9152703323509039,,23280,,4389,
run,bitnet_mlp_f8_fixed,bitnet_mlp_f8_fixed__seed44,pytorch,bitnet_mlp,44,42,,0.7224698795180723,,,,,,,0.9328648936835031,,,0.9075989828548434,,0.9148330296098326,,0.8852079106647845,,,0.9338536411488999,,1.1897622477263212,,,,0.9148716915923727,,23280,,4389,
run,bitnet_mlp_f8_fixed,bitnet_mlp_f8_fixed,onnx,bitnet_mlp,42,42,,0.7227650602409639,,,,,,,0.931904684806856,,,0.9091641285904402,,0.9161740983744825,,0.8858592003403605,,,0.9326106348842271,,0.05267597176134586,,,,0.9151425493992733,,35086,,4389,
run,bitnet_mlp_f8_fixed,bitnet_mlp_f8_fixed,pytorch,bitnet_mlp,42,42,,0.7227650602409639,,,,,,,0.9319046869510709,,,0.9091641285904402,,0.9161740982616491,,0.8858592008044319,,,0.9326106345468206,,1.231435565277934,,,,0.9151425498308825,,22800,,4389,
run,bitnet_topo_f7_fixed,bitnet_topo_f7_fixed__seed42,pytorch,bitnet_topo,42,42,,0.7203614457831325,,,,,,,0.9284254274649957,,,0.9128865142135008,,0.9157650431142758,,0.8856816811537884,,,0.9351880829078132,,0.9126858487725258,,,,0.9155893497708748,,30938,,6469,
run,bitnet_topo_f7_fixed,bitnet_topo_f7_fixed__seed43,pytorch,bitnet_topo,43,42,,0.7190783132530121,,,,,,,0.9130773751578056,,,0.9028413633947199,,0.9150025144599288,,0.8866423696257413,,,0.9399661968100187,,0.9141019321978092,,,,0.911505963889643,,30938,,6469,
run,bitnet_topo_f7_fixed,bitnet_topo_f7_fixed__seed44,pytorch,bitnet_topo,44,42,,0.7229457831325301,,,,,,,0.9246286629096,,,0.9009222666200709,,0.9144579757354998,,0.8873422372628706,,,0.9402268548594566,,1.0653893761336803,,,,0.9135155994774996,,30938,,6469,
run,deepsets_hlf,deepsets_hlf__seed42,pytorch,deepsets_hlf,42,42,,0.7505421686746988,,,,,,,0.9475627102336245,,,0.9403451275349733,,0.9282671149154081,,0.894900202641025,,,0.9555016256136216,,0.15602485788986087,,,,0.9333153561877305,,26780,,5349,
run,deepsets_hlf,deepsets_hlf__seed43,pytorch,deepsets_hlf,43,42,,0.7539156626506024,,,,,,,0.9485542169734433,,,0.9420232827344706,,0.9304955025950933,,0.8968853285082321,,,0.9567509503787176,,0.15328869223594666,,,,0.9349418562379913,,26780,,5349,
run,deepsets_hlf,deepsets_hlf__seed44,pytorch,deepsets_hlf,44,42,,0.7527530120481928,,,,,,,0.9480650036281888,,,0.9406614885398905,,0.9289248051546725,,0.896770038410765,,,0.9561530157703158,,0.1585418782196939,,,,0.9341148703007665,,26780,,5349,
run,hgq_mlp,hgq_mlp__seed42,hgq,hgq_mlp,42,42,,0.761355421686747,,,,,,,0.9520152104572486,,,0.9454519114819953,,0.9370885463429275,,0.9008492461306004,,,0.9599787504714413,,2.7109032259322703,,,,0.9390767329768425,,149264,,8804,
run,hgq_mlp,hgq_mlp__seed43,hgq,hgq_mlp,43,42,,0.7615903614457832,,,,,,,0.9524465005460836,,,0.9463698702729034,,0.9377070510743766,,0.9006987008685376,,,0.9597128659941885,,2.594287368003279,,,,0.9393869977512178,,149264,,8804,
run,hgq_mlp,hgq_mlp__seed44,hgq,hgq_mlp,44,42,,0.7613433734939759,,,,,,,0.9522588575937185,,,0.9459926775602129,,0.9369171056419285,,0.900891050620405,,,0.9601524256687135,,2.4434359278529882,,,,0.9392424234169956,,149264,,8804,
run,hgq_mlp_topo,hgq_mlp_topo__seed42,hgq,hgq_mlp,42,42,,0.7617530120481928,,0.9371268832321525,0.9014367379233303,0.9522703192122096,0.9459994781829029,0.9605888247434007,,,,,,,,,,,,,0.4946861658245325,,,,0.9394844486587992,,193616,,12962,
run,jetformer_hlf,jetformer_hlf__seed42,pytorch,jetformer_hlf,42,42,,0.7696024096385542,,,,,,,0.9554186450883102,,,0.9500262663376718,,0.9425790615689937,,0.9069447788972369,,,0.9647344381958998,,1.6346191358752549,,,,0.9439406380176225,,256690,,59621,
run,jetformer_hlf,jetformer_hlf__seed43,pytorch,jetformer_hlf,43,42,,0.769289156626506,,,,,,,0.9558601747060101,,,0.9508740576447208,,0.9429294912872308,,0.9073903739805911,,,0.9646587282098055,,1.4165634200908244,,,,0.9443425651656717,,256690,,59621,
run,jetformer_hlf,jetformer_hlf__seed44,pytorch,jetformer_hlf,44,42,,0.7697048192771084,,,,,,,0.9555626120764329,,,0.9504925428699517,,0.9433534195444895,,0.9080829778544208,,,0.9650910949385393,,1.433565123938024,,,,0.9445165294567669,,256690,,59621,
run,linformer_hlf,linformer_hlf__seed42,pytorch,linformer_hlf,42,42,,0.7685060240963856,,,,,,,0.9551108059139481,,,0.949751130182465,,0.9420166258045891,,0.9070282483073395,,,0.9644032102121004,,1.1850729458965361,,,,0.9436620040840884,,89273,,18765,
run,linformer_hlf,linformer_hlf__seed43,pytorch,linformer_hlf,43,42,,0.7680722891566265,,,,,,,0.9545816362529952,,,0.9496634140783022,,0.9416612397746664,,0.9068325080490169,,,0.9643048444993203,,1.1918405024334788,,,,0.9434087285308603,,89273,,18765,
run,linformer_hlf,linformer_hlf__seed44,pytorch,linformer_hlf,44,42,,0.7685,,,,,,,0.9551109665043569,,,0.9502200468076544,,0.942097293427423,,0.9065726066558737,,,0.9642074094663373,,0.8569983658380806,,,,0.9436416645723291,,89273,,18765,
run,mlp_baseline,mlp_baseline__seed42,pytorch,mlp_baseline,42,42,,0.7661265060240964,,,,,,,0.9535318831574311,,,0.9477924020798696,,0.9400982178135151,,0.9046245791292834,,,0.9625835753269509,,0.09585794014856219,,,,0.94172613150141,,22940,,4389,
run,mlp_baseline,mlp_baseline__seed43,pytorch,mlp_baseline,43,42,,0.7665602409638554,,,,,,,0.9541679471212579,,,0.9487179082697053,,0.9406288473621922,,0.9049042082023363,,,0.9630119337780667,,0.09684887435287237,,,,0.9422861689467116,,22940,,4389,
run,mlp_baseline,mlp_baseline__seed44,pytorch,mlp_baseline,44,42,,0.7665843373493976,,,,,,,0.953965786367081,,,0.9483015923215679,,0.9402246063566564,,0.9052589620996441,,,0.9633219357392985,,0.08904863614588976,,,,0.9422145765768495,,22940,,4389,
run,mlp_mixer_hlf,mlp_mixer_hlf__seed42,pytorch,mlp_mixer_hlf,42,42,,0.7670421686746988,,,,,,,0.9544967611183998,,,0.9494470053055735,,0.9406944763488188,,0.905885895098012,,,0.9636471550743778,,0.800032349769026,,,,0.9428342585890365,,61144,,12037,
run,mlp_mixer_hlf,mlp_mixer_hlf__seed43,pytorch,mlp_mixer_hlf,43,42,,0.7671325301204819,,,,,,,0.9549312038802248,,,0.9493546635037966,,0.9416364289924375,,0.905578390525523,,,0.9641790759743105,,0.7792137362994254,,,,0.9431359525752583,,61144,,12037,
run,mlp_mixer_hlf,mlp_mixer_hlf__seed44,pytorch,mlp_mixer_hlf,44,42,,0.7672530120481927,,,,,,,0.9544467802595915,,,0.9494016579934836,,0.9411413847822692,,0.9058630620835901,,,0.9640555446798171,,0.83287020213902,,,,0.9429816859597503,,61144,,12037,
run,mlp_topo,mlp_topo__seed42,pytorch,mlp_topo,42,42,,0.7665722891566265,,,,,,,0.9541841251096512,,,0.9488301798811805,,0.9407349006524722,,0.9048284467879866,,,0.9630840708534909,,0.09604026190936565,,,,0.9423323446569561,,30626,,6469,
run,mlp_topo,mlp_topo__seed43,pytorch,mlp_topo,43,42,,0.7661927710843374,,,,,,,0.9538407455737032,,,0.948085023146138,,0.9407206718202298,,0.9042145231062713,,,0.9629015676381749,,0.07517750421538949,,,,0.9419525062569034,,30626,,6469,
run,mlp_topo,mlp_topo__seed44,pytorch,mlp_topo,44,42,,0.7662590361445784,,,,,,,0.9539036067312774,,,0.9486014447256669,,0.9400715473142804,,0.904949897434755,,,0.9633671410220688,,0.10483335889875889,,,,0.9421787274456097,,30626,,6469,
run,multihead_attention_hlf,multihead_attention_hlf__seed42,pytorch,multihead_attention_hlf,42,42,,0.7692650602409639,,,,,,,0.9552803431158925,,,0.950413015097763,,0.943094037540456,,0.9073978158313327,,,0.9646986922188714,,1.0378767866641283,,,,0.9441767807608631,,90070,,18917,
run,multihead_attention_hlf,multihead_attention_hlf__seed43,pytorch,multihead_attention_hlf,43,42,,0.7688132530120482,,,,,,,0.9553876620861652,,,0.9500677095383835,,0.9422313638813272,,0.9072581839069458,,,0.9647575551573708,,1.0084309079684317,,,,0.9439404949140385,,90070,,18917,
run,multihead_attention_hlf,multihead_attention_hlf__seed44,pytorch,multihead_attention_hlf,44,42,,0.7678975903614458,,,,,,,0.9550816035129783,,,0.9501115078348106,,0.9416543799666888,,0.9067090757008811,,,0.9639371114861723,,0.9834437919780612,,,,0.9434987357003063,,90070,,18917,
run,qkeras_mlp,qkeras_mlp__seed42,qkeras,qkeras_mlp,42,42,,0.7661325301204819,,,,,,,0.9531603360863253,,,0.9480831002340382,,0.9396295714975408,,0.9042245196706782,,,0.9625385640529601,,0.5324784643016756,,,,0.9415272183083087,,85944,,4389,
run,qkeras_mlp,qkeras_mlp__seed43,qkeras,qkeras_mlp,43,42,,0.7652409638554217,,,,,,,0.9536529126890412,,,0.948661172026955,,0.9397598767071489,,0.9044513781281163,,,0.9629552012246689,,0.5242858240380883,,,,0.941896108155186,,85944,,4389,
run,qkeras_mlp,qkeras_mlp__seed44,qkeras,qkeras_mlp,44,42,,0.7659939759036145,,,,,,,0.9536160988895255,,,0.9484016133461826,,0.9400836511586349,,0.9044572878467662,,,0.9627496963284609,,0.6031621340662241,,,,0.9418616695139141,,85944,,4389,
run,qkeras_mlp_b10,qkeras_mlp_b10__seed42,qkeras,qkeras_mlp,42,42,,0.7663493975903615,,,,,,,0.9541748775623005,,,0.9485803469132011,,0.9402213433329887,,0.9048274494983105,,,0.9632473869941598,,0.5424625840969384,,,,0.942210280860192,,85944,,4389,
run,qkeras_mlp_b10,qkeras_mlp_b10__seed43,qkeras,qkeras_mlp,43,42,,0.7663192771084337,,,,,,,0.9541588314995487,,,0.9487726311196772,,0.9403772989167589,,0.9049272886828907,,,0.9634511102711937,,0.5637065381743014,,,,0.9423374320980139,,85944,,4389,
run,qkeras_mlp_b10,qkeras_mlp_b10__seed44,qkeras,qkeras_mlp,44,42,,0.7661626506024096,,,,,,,0.9540943363373849,,,0.9486093043450634,,0.940425735732487,,0.9049339199167215,,,0.963034964475924,,0.5331994779407978,,,,0.9422196521615163,,85944,,4389,
run,qkeras_mlp_b12,qkeras_mlp_b12__seed42,qkeras,qkeras_mlp,42,42,,0.7660180722891566,,,,,,,0.9541712743784797,,,0.9486943813729539,,0.9400925999607058,,0.9047325531393884,,,0.9633385136489169,,0.533577763941139,,,,0.9422058645000888,,85944,,4389,
run,qkeras_mlp_b12,qkeras_mlp_b12__seed43,qkeras,qkeras_mlp,43,42,,0.7661144578313253,,,,,,,0.9543002069218591,,,0.9487493436973811,,0.940557364362843,,0.9051121540054554,,,0.9635573029167157,,0.535479751881212,,,,0.9424552743808509,,85944,,4389,
run,qkeras_mlp_b12,qkeras_mlp_b12__seed44,qkeras,qkeras_mlp,44,42,,0.7668012048192772,,,,,,,0.9541310940487537,,,0.948728349242994,,0.9405969313597488,,0.904922652028412,,,0.9630991994894095,,0.5417032018303871,,,,0.9422956452338636,,85944,,4389,
run,qkeras_mlp_b5,qkeras_mlp_b5__seed42,qkeras,qkeras_mlp,42,42,,0.7640903614457831,,,,,,,0.9529334799579968,,,0.947628598728498,,0.9384622461340875,,0.9029882141398983,,,0.9620782069746843,,0.5422486220486462,,,,0.940818149187033,,85944,,4389,
run,qkeras_mlp_b5,qkeras_mlp_b5__seed43,qkeras,qkeras_mlp,43,42,,0.7646265060240964,,,,,,,0.9527635055619246,,,0.9472991371153636,,0.9391174848461469,,0.9036184051523051,,,0.9618437406728171,,0.5497227902524173,,,,0.9409284546697115,,85944,,4389,
run,qkeras_mlp_b5,qkeras_mlp_b5__seed44,qkeras,qkeras_mlp,44,42,,0.7632831325301205,,,,,,,0.9534268387477289,,,0.9475179740687008,,0.9384194254786702,,0.9028717849789087,,,0.9611623664311412,,0.48206437984481454,,,,0.94067967794103,,85944,,4389,
run,qkeras_mlp_b7,qkeras_mlp_b7__seed42,qkeras,qkeras_mlp,42,42,,0.7659819277108434,,,,,,,0.9538392077202227,,,0.9482813358325656,,0.9400411180022429,,0.9044813429935106,,,0.9628876113776286,,0.47364724799990654,,,,0.9419061231852341,,85944,,4389,
run,qkeras_mlp_b7,qkeras_mlp_b7__seed43,qkeras,qkeras_mlp,43,42,,0.7664698795180723,,,,,,,0.954352283468576,,,0.94870946950619,,0.9402147717010355,,0.9050943960770722,,,0.9634372545578062,,0.5490654800087214,,,,0.942361635062136,,85944,,4389,
run,qkeras_mlp_b7,qkeras_mlp_b7__seed44,qkeras,qkeras_mlp,44,42,,0.7665722891566265,,,,,,,0.9541895417349905,,,0.9487968517016313,,0.9403962571530969,,0.9046286904548125,,,0.9632927065452894,,0.7555774739012122,,,,0.9422608095179641,,85944,,4389,
run,qkeras_mlp_b8,qkeras_mlp_b8__seed42,qkeras,qkeras_mlp,42,42,,0.7669397590361445,,,,,,,0.9542056148825616,,,0.9488691694853629,,0.940304379889116,,0.9048059129836714,,,0.9634537589127915,,0.5659425659105182,,,,0.9423277672307007,,85944,,4389,
run,qkeras_mlp_b8,qkeras_mlp_b8__seed43,qkeras,qkeras_mlp,43,42,,0.7659397590361445,,,,,,,0.954048624948957,,,0.9485693358325655,,0.9401855678705171,,0.9046618728440067,,,0.9627929732201977,,0.537949769757688,,,,0.9420516749432488,,85944,,4389,
run,qkeras_mlp_b8,qkeras_mlp_b8__seed44,qkeras,qkeras_mlp,44,42,,0.7662650602409639,,,,,,,0.954475403609691,,,0.9487330908372075,,0.940511124522592,,0.9045167174244844,,,0.9630248303570362,,0.5676694978028536,,,,0.9422522333502021,,85944,,4389,
run,qkeras_mlp_binary,qkeras_mlp_binary__seed42,qkeras,qkeras_mlp,42,42,,0.6310963855421686,,0.8549486685328339,0.8268880497469976,0.8700593147232216,0.8217035713463732,0.9028387032826577,,,,,,,,,,,,,0.23272042907774448,,,,0.8552876615264168,,85944,,4389,
run,qkeras_mlp_ternary,qkeras_mlp_ternary__seed42,qkeras,qkeras_mlp,42,42,,0.7087168674698795,,0.8920126398021131,0.8687241560475623,0.9243107277559164,0.8884390777691882,0.9158132425151806,,,,,,,,,,,,,0.25378400832414627,,,,0.8978599687779921,,85944,,4389,
run,qkeras_mlp_topo,qkeras_mlp_topo__seed42,qkeras,qkeras_mlp,42,42,,0.765289156626506,,0.9401264932523623,0.904428928784816,0.9539523959708811,0.9485668825749152,0.9628066127684409,,,,,,,,,,,,,0.23663655668497086,,,,0.941976262670283,,104904,,6469,
run,ternary_128_64_64_64,ternary_128_64_64_64__seed42,pytorch,ternary_large,42,42,,0.7531807228915662,,,,,,,0.9485441370193066,,,0.9412523779771045,,0.9330089729765867,,0.8992046710200878,,,0.9560113592196604,,1.4304833002388477,,,,0.9356043036425492,,82526,,19077,
run,ternary_128_64_64_64,ternary_128_64_64_64__seed43,pytorch,ternary_large,43,42,,0.7543192771084337,,,,,,,0.9480058272474541,,,0.9412144484992252,,0.9338375682975908,,0.8978388846651407,,,0.9568487611701539,,1.2726397942751646,,,,0.935549097975913,,82526,,19077,
run,ternary_128_64_64_64,ternary_128_64_64_64__seed44,pytorch,ternary_large,44,42,,0.7540722891566265,,,,,,,0.9482155822464579,,,0.9407070204280465,,0.9345749893055272,,0.9004873118868468,,,0.9569716878320685,,1.289314421825111,,,,0.9361913183397894,,82526,,19077,
run,xgboost_bdt__seed42,xgboost_bdt__seed42,xgboost,xgboost_bdt,42,42,,0.7662650602409639,,,,,,,0.9532544085485021,,,0.9474071287987095,,0.9402583548833015,,0.9049404012554545,,,0.9637830170045489,,10.501075962558389,,,,0.9419286620981033,,114266227,,3299747,
run,xgboost_bdt__seed43,xgboost_bdt__seed43,xgboost,xgboost_bdt,43,42,,0.7656867469879518,,,,,,,0.9531742290187804,,,0.9473727880488692,,0.9399942139128711,,0.9048204435267353,,,0.9636961170419314,,8.950971154496074,,,,0.9418115583098375,,102786856,,2970248,
run,xgboost_bdt__seed44,xgboost_bdt__seed44,xgboost,xgboost_bdt,44,42,,0.7657951807228915,,,,,,,0.9532325443279619,,,0.9473918466007971,,0.9400798102032535,,0.9048061073136164,,,0.9636698785073159,,8.483397215604782,,,,0.941836037390589,,95879661,,2771699,
run,xgboost_bdt_conifer600__seed42,xgboost_bdt_conifer600__seed42,xgboost,xgboost_bdt,42,42,,0.7659578313253012,,,,,,,0.9531665844413302,,,0.9474685386339647,,0.9403734676650337,,0.9049707597695074,,,0.9637798705757872,,10.481538265943527,,,,0.9419518442171245,,106499210,,3073368,
run,xgboost_bdt_conifer_d3_50__seed42,xgboost_bdt_conifer_d3_50__seed42,xgboost,xgboost_bdt,42,42,,0.7380180722891566,,,,,,,0.9415727616733146,,,0.9307342435339426,,0.9151987292723626,,0.8875412931961175,,,0.9481131100875995,,0.17631123028695583,,,,0.9246320275526673,,299500,,3750,
run,xgboost_bdt_conifer_d4_100__seed42,xgboost_bdt_conifer_d4_100__seed42,xgboost,xgboost_bdt,42,42,,0.7476686746987952,,,,,,,0.9450888540311324,,,0.9361519236110377,,0.9246081495762197,,0.8933592454173666,,,0.9541317236610476,,0.21709850430488586,,,,0.9306679792593607,,865066,,15496,
aggregate,baseline_mlp,baseline_mlp__mean,onnx,mlp_baseline,,42,1,0.7659457831325301,0.0,,,,,,0.9538440754265538,,0.0,0.9481819955027939,0.0,0.9393520298906463,0.0,0.9048634077312444,,0.0,0.9625311483063619,0.0,0.01731160469353199,0.0,,,0.94175453137152,0.0,18607.0,0.0,4389.0,0.0
aggregate,baseline_mlp,baseline_mlp__mean,pytorch,mlp_baseline,,42,1,0.7659457831325301,0.0,,,,,,0.9538440766679415,,0.0,0.9481819949379957,0.0,0.9393520295521467,0.0,0.9048634077312445,,0.0,0.9625311485312995,0.0,0.1037014052271843,0.0,,,0.9417545314841256,0.0,22588.0,0.0,4389.0,0.0
aggregate,binary_448_224_224,binary_448_224_224__mean,pytorch,binary_large,,42,3,0.7565100401606425,0.00034047249139229114,,,,,,0.9489414994970861,,0.0002580030431393953,0.942363237094066,0.0010679622412531576,0.9345485959998839,0.00013287922241414282,0.898978454450894,,0.00047922146360715223,0.9582553642602748,0.0006588301544500866,1.3487717816606164,0.02360962177951873,,,0.936617430260441,0.00041361007015856414,644452.0,0.0,159717.0,0.0
aggregate,binary_bit158_sigmoid_f7_fixed,binary_bit158_sigmoid_f7_fixed__mean,pytorch,bit158_mlp,,42,3,0.848937751004016,0.0019448161771084137,,,,,,,,,,,,,,,,,,0.4808508837595582,0.007258956429198858,,,0.9232442353028807,0.0012480446006901743,23028.0,0.0,4257.0,0.0
aggregate,binary_bit158_topo_sigmoid_f7_fixed,binary_bit158_topo_sigmoid_f7_fixed__mean,pytorch,bit158_mlp,,42,3,0.8500020080321286,0.0010379875269768708,,,,,,,,,,,,,,,,,,0.37548520136624575,0.009794482550737813,,,0.9233444232309683,0.0007145997084652673,30768.0,0.0,6337.0,0.0
aggregate,binary_bitnet_sigmoid_f7_fixed,binary_bitnet_sigmoid_f7_fixed__mean,pytorch,bitnet_mlp,,42,3,0.8453835341365462,0.000320204004261482,,,,,,,,,,,,,,,,,,0.48863525968044996,0.003065184612100974,,,0.9175844952135878,0.0006280746227575227,23028.0,0.0,4257.0,0.0
aggregate,binary_bitnet_topo_sigmoid_f7_fixed,binary_bitnet_topo_sigmoid_f7_fixed__mean,pytorch,bitnet_mlp,,42,3,0.8461004016064257,0.001389783102727824,,,,,,,,,,,,,,,,,,0.37168591748923063,0.001319427938916926,,,0.9190542730997184,0.0011581474662584927,30768.0,0.0,6337.0,0.0
aggregate,binary_hgq_mlp_64_32_32,binary_hgq_mlp_64_32_32__mean,hgq,hgq_mlp,,42,3,0.8537971887550201,0.00118171112647401,,,,,,,,,,,,,,,,,,0.496991955054303,0.013430561944962439,,,0.9276084077472836,0.00023676444280497488,147160.0,0.0,8540.0,0.0
aggregate,binary_hgq_topo_128_32,binary_hgq_topo_128_32__mean,hgq,hgq_mlp,,42,3,0.853429718875502,0.0007164708159823405,,,,,,,,,,,,,,,,,,0.49424827254066866,0.024758639965245948,,,0.9275440454079952,0.0005405306024047788,190328.0,0.0,12698.0,0.0
aggregate,binary_mlp_baseline_64_32_32,binary_mlp_baseline_64_32_32__mean,pytorch,mlp_baseline,,42,3,0.8595401606425703,0.0002639855907482324,,,,,,,,,,,,,,,,,,0.04092904428641001,0.0019930605996275105,,,0.9324737243463619,0.00011712054298054984,22940.0,0.0,4257.0,0.0
aggregate,binary_mlp_topo_128_32,binary_mlp_topo_128_32__mean,pytorch,mlp_topo,,42,3,0.8593313253012048,3.664314777284063e-05,,,,,,,,,,,,,,,,,,0.03398100069413582,0.0010323321221020212,,,0.9321333202855907,0.0003452674883167797,30510.0,0.0,6337.0,0.0
aggregate,binary_qkeras_mlp_64_32_32_b7,binary_qkeras_mlp_64_32_32_b7__mean,qkeras,qkeras_mlp,,42,3,0.8595100401606426,0.00028570564517002296,,,,,,,,,,,,,,,,,,0.2639039683466156,0.002782569287808618,,,0.9323853740443475,0.00010370286894484359,83896.0,0.0,4257.0,0.0
aggregate,binary_qkeras_mlp_binary_64_32_32,binary_qkeras_mlp_binary_64_32_32__mean,qkeras,qkeras_mlp,,42,3,0.8294417670682731,0.0012045230559544794,,,,,,,,,,,,,,,,,,0.2475420276944836,0.0030480132422021937,,,0.8886043512814417,0.006334517180870185,83896.0,0.0,4257.0,0.0
aggregate,binary_qkeras_mlp_ternary_64_32_32,binary_qkeras_mlp_ternary_64_32_32__mean,qkeras,qkeras_mlp,,42,3,0.8354518072289157,0.0022976775465038493,,,,,,,,,,,,,,,,,,0.2632185956463218,0.00767400629586322,,,0.902463337297125,0.0012353513387330234,83896.0,0.0,4257.0,0.0
aggregate,binary_qkeras_topo_128_32_b7,binary_qkeras_topo_128_32_b7__mean,qkeras,qkeras_mlp,,42,3,0.8596566265060241,0.00018819878737124081,,,,,,,,,,,,,,,,,,0.24991535736868778,0.006999947857140474,,,0.9324816450573831,0.00021077313634848254,104576.0,0.0,6337.0,0.0
aggregate,binary_qkeras_topo_binary_128_32,binary_qkeras_topo_binary_128_32__mean,qkeras,qkeras_mlp,,42,3,0.8323413654618473,0.003957158867765716,,,,,,,,,,,,,,,,,,0.23699446891744932,0.008532501801003095,,,0.8963517980740994,0.003933767421963705,104576.0,0.0,6337.0,0.0
aggregate,binary_qkeras_topo_ternary_128_32,binary_qkeras_topo_ternary_128_32__mean,qkeras,qkeras_mlp,,42,3,0.8394678714859438,0.0018016110809652157,,,,,,,,,,,,,,,,,,0.25260811982055503,0.00414047195686089,,,0.9077929388347051,0.0004813471282662733,104576.0,0.0,6337.0,0.0
aggregate,binary_topqg_bit158_sigmoid_f7_fixed,binary_topqg_bit158_sigmoid_f7_fixed__mean,pytorch,bit158_mlp,,42,3,0.8990010986906429,0.000612379932428885,,,,,,,,,,,,,,,,0.9556342790816618,0.0008487336811594287,0.4716406188284357,0.011004787687714578,,,0.9556342788547535,0.0008487339738097577,23100.0,0.0,4257.0,0.0
aggregate,binary_topqg_bit158_topo_sigmoid_f7_fixed,binary_topqg_bit158_topo_sigmoid_f7_fixed__mean,pytorch,bit158_mlp,,42,3,0.8999082744509067,0.0014880154392036197,,,,,,,,,,,,,,,,0.9567978724201396,0.0007807777802274079,0.40498089510947466,0.05260181445832206,,,0.9567978720797772,0.0007807773743039169,30892.0,0.0,6337.0,0.0
aggregate,binary_topqg_bitnet_sigmoid_f7_fixed,binary_topqg_bitnet_sigmoid_f7_fixed__mean,pytorch,bitnet_mlp,,42,3,0.8977915310102914,0.0006963773629173508,,,,,,,,,,,,,,,,0.9540473138790753,0.0004036663312704922,0.486902102517585,0.005770038902634949,,,0.9540473143328919,0.00040366614104718625,23100.0,0.0,4257.0,0.0
aggregate,binary_topqg_bitnet_topo_sigmoid_f7_fixed,binary_topqg_bitnet_topo_sigmoid_f7_fixed__mean,pytorch,bitnet_mlp,,42,3,0.897227066092794,0.0017726288981855475,,,,,,,,,,,,,,,,0.9541800950205866,0.0011862433089050988,0.3715989350651701,0.008333708570258112,,,0.9541800933187744,0.0011862462205438603,30892.0,0.0,6337.0,0.0
aggregate,binary_topqg_hgq_mlp_64_32_32,binary_topqg_hgq_mlp_64_32_32__mean,hgq,hgq_mlp,,42,3,0.9072026395454714,0.0009245005298841618,,,,,,,,,,,,,,,,0.961915344743749,0.00033563624919098376,0.4942705963427822,0.01031750206776102,,,0.961915344743749,0.0003356362491908881,147160.0,0.0,8540.0,0.0
aggregate,binary_topqg_hgq_topo_128_32,binary_topqg_hgq_topo_128_32__mean,hgq,hgq_mlp,,42,3,0.9071119219694449,0.0005013927279981996,,,,,,,,,,,,,,,,0.9615939490256494,0.0004996015073768877,0.49117036784688634,0.0178974275098344,,,0.9615939490256494,0.0004996015073769644,190328.0,0.0,12698.0,0.0
aggregate,binary_topqg_mlp_baseline_64_32_32,binary_topqg_mlp_baseline_64_32_32__mean,pytorch,mlp_baseline,,42,3,0.9096486541879601,0.0006512421341722287,,,,,,,,,,,,,,,,0.9638275559957826,0.00045697844658366255,0.04078633928050598,0.0005987777665692323,,,0.9638275556554202,0.00045697812978300317,22990.666666666668,36.95041722813605,4257.0,0.0
aggregate,binary_topqg_mlp_topo_128_32,binary_topqg_mlp_topo_128_32__mean,pytorch,mlp_topo,,42,3,0.9090673897193468,0.0004938382284533745,,,,,,,,,,,,,,,,0.9636370803172981,0.0003788195326291148,0.034029679372906685,0.0008680022645371934,,,0.9636370795609371,0.00037881914219722586,30634.0,0.0,6337.0,0.0
aggregate,binary_topqg_qkeras_mlp_64_32_32_b7,binary_topqg_qkeras_mlp_64_32_32_b7__mean,qkeras,qkeras_mlp,,42,3,0.9102635177588055,0.0006081623131556099,,,,,,,,,,,,,,,,0.9641920749560343,0.0001825056603921867,0.2576082448164622,0.01226624798275798,,,0.9641920749560343,0.00018250566039212696,83896.0,0.0,4257.0,0.0
aggregate,binary_topqg_qkeras_mlp_binary_64_32_32,binary_topqg_qkeras_mlp_binary_64_32_32__mean,qkeras,qkeras_mlp,,42,3,0.8742889589990156,0.0059397786851472486,,,,,,,,,,,,,,,,0.9354580184338107,0.0017337424745540479,0.2523862027252714,0.0014084301098521055,,,0.9354580184338109,0.0017337424745540648,83896.0,0.0,4257.0,0.0
aggregate,binary_topqg_qkeras_mlp_ternary_64_32_32,binary_topqg_qkeras_mlp_ternary_64_32_32__mean,qkeras,qkeras_mlp,,42,3,0.8852221068653044,0.0014507810662598981,,,,,,,,,,,,,,,,0.9414220111322321,0.0012184770443187264,0.2642752571652333,0.010143748424982127,,,0.9414220111322319,0.0012184770443186988,83896.0,0.0,4257.0,0.0
aggregate,binary_topqg_qkeras_topo_128_32_b7,binary_topqg_qkeras_topo_128_32_b7__mean,qkeras,qkeras_mlp,,42,3,0.9105054312948758,0.0002779399296116843,,,,,,,,,,,,,,,,0.9645048899854051,0.00016072590466442978,0.25093176246931154,0.00372102829866363,,,0.9645048899854051,0.00016072590466442978,104576.0,0.0,6337.0,0.0
aggregate,binary_topqg_qkeras_topo_binary_128_32,binary_topqg_qkeras_topo_binary_128_32__mean,qkeras,qkeras_mlp,,42,3,0.878166295396587,0.005447616527883687,,,,,,,,,,,,,,,,0.940431523187871,0.0023707359313212637,0.23917227517813444,0.006740715919317052,,,0.9404315231878712,0.0023707359313213084,104576.0,0.0,6337.0,0.0
aggregate,binary_topqg_qkeras_topo_ternary_128_32,binary_topqg_qkeras_topo_ternary_128_32__mean,qkeras,qkeras_mlp,,42,3,0.8885047391533698,0.0028457229679747145,,,,,,,,,,,,,,,,0.9462124440744439,0.0017076634714556318,0.251396456733346,0.004603489620013793,,,0.9462124440744439,0.0017076634714556914,104576.0,0.0,6337.0,0.0
aggregate,binary_topqg_xgboost_bdt_d4_100,binary_topqg_xgboost_bdt_d4_100__mean,xgboost,xgboost_bdt,,42,3,0.9032211459309808,0.00045541349070768537,,,,,,,,,,,,,,,,0.9584212238061068,0.00019559271789301133,0.18599699096133313,0.0015664393475250623,,,0.958421223087564,0.00019559236739408604,180336.33333333334,103.87171575233238,3093.3333333333335,3.0550504633038935
aggregate,binary_xgboost_bdt_d4_100,binary_xgboost_bdt_d4_100__mean,xgboost,xgboost_bdt,,42,3,0.8471947791164659,0.00024957020198976385,,,,,,,,,,,,,,,,,,0.1857806478316585,0.0013879371525285997,,,0.9207511483657939,2.574313546391408e-05,180530.33333333334,39.25981830489455,3099.3333333333335,1.1547005383792515
aggregate,bit158_mlp_f7_fixed,bit158_mlp_f7_fixed__mean,pytorch,bit158_mlp,,42,3,0.7420682730923694,0.002018569740284068,,,,,,0.943525736621034,,0.0005487862670278433,0.9334608090499504,0.002018719210849047,0.9258909790269856,0.0016561592856996793,0.8933855942762238,,0.001512426460145679,0.949485228201524,0.0004820266274240916,0.9735687966458499,0.06895673952144298,,,0.9291496694351435,0.00038833713392612176,23216.0,0.0,4389.0,0.0
aggregate,bit158_topo_f7_fixed,bit158_topo_f7_fixed__mean,pytorch,bit158_topo,,42,3,0.7412510040160644,0.000993817682429651,,,,,,0.9419041165274679,,0.0005617582739970988,0.9294181718657523,0.002965340528480492,0.9259919143908091,0.0003722330784867922,0.8929174305831914,,0.00012734578168167504,0.9508115521832293,0.0005214750712655818,0.9257045906657974,0.04107320337809357,,,0.92820863711009,0.000527506018787489,30938.0,0.0,6469.0,0.0
aggregate,bitnet_binary_f7_fixed,bitnet_binary_f7_fixed__mean,pytorch,bitnet_mlp,,42,1,0.8443493975903614,0.0,,,,,,,,,,,,,,,,,,0.5150376744568348,0.0,,,0.9166793714447415,0.0,22836.0,0.0,4290.0,0.0
aggregate,bitnet_binary_sigmoid_f7_fixed,bitnet_binary_sigmoid_f7_fixed__mean,pytorch,bitnet_mlp,,42,1,0.845210843373494,0.0,,,,,,,,,,,,,,,,,,0.48182815313339233,0.0,,,0.9168716834413151,0.0,22932.0,0.0,4257.0,0.0
aggregate,bitnet_mlp_f10_fixed,bitnet_mlp_f10_fixed__mean,onnx,bitnet_mlp,,42,1,0.7212228915662651,0.0,,,,,,0.9317012941761671,,0.0,0.8973778910574788,0.0,0.9182390460177563,0.0,0.8894090027062145,,0.0,0.9331408143163678,0.0,0.052401987835764885,0.0,,,0.9139736096547969,0.0,35086.0,0.0,4389.0,0.0
aggregate,bitnet_mlp_f10_fixed,bitnet_mlp_f10_fixed__mean,pytorch,bitnet_mlp,,42,3,0.7211686746987952,0.001341183584331603,,,,,,0.932025858527512,,0.0007456057475467301,0.9071835414026529,0.008495248014753267,0.9155589226741302,0.0023664591867899776,0.8873525580972453,,0.0017867301177189193,0.9369357365243957,0.0035204739805966287,1.2239032133171956,0.07024989988742573,,,0.9158113234451872,0.0015920258791582774,23132.0,277.1281292110204,4389.0,0.0
aggregate,bitnet_mlp_f12_fixed,bitnet_mlp_f12_fixed__mean,onnx,bitnet_mlp,,42,1,0.7251987951807229,0.0,,,,,,0.9343061752243444,,0.0,0.9108789556880479,0.0,0.9170537687773859,0.0,0.8885026964542143,,0.0,0.9360244971567986,0.0,0.05222740210592747,0.0,,,0.9173532186601584,0.0,35086.0,0.0,4389.0,0.0
aggregate,bitnet_mlp_f12_fixed,bitnet_mlp_f12_fixed__mean,pytorch,bitnet_mlp,,42,3,0.7204497991967872,0.004441782954574839,,,,,,0.9325281599722864,,0.0015546032613672311,0.907579268609808,0.003085193756840287,0.9175814189650909,0.0006771496715655573,0.8855801727039853,,0.002544074361974863,0.9345116692925521,0.0033290743811478386,1.3087452570907772,0.025127194209926207,,,0.9155561379087445,0.001582797382487699,23132.0,277.1281292110204,4389.0,0.0
aggregate,bitnet_mlp_f5_fixed,bitnet_mlp_f5_fixed__mean,onnx,bitnet_mlp,,42,1,0.7205722891566265,0.0,,,,,,0.9297785672163033,,0.0,0.9061724232456838,0.0,0.9170078110201659,0.0,0.8850029350353502,,0.0,0.9386734104793217,0.0,0.04180639423429966,0.0,,,0.9153270293993649,0.0,35086.0,0.0,4389.0,0.0
aggregate,bitnet_mlp_f5_fixed,bitnet_mlp_f5_fixed__mean,pytorch,bitnet_mlp,,42,3,0.7213755020080321,0.0011716260914912035,,,,,,0.9326920322713792,,0.0010774226315973857,0.9089983588751572,0.0044840582441789505,0.9173752507964967,0.001365002932649953,0.8866486830479327,,0.00019931817493959954,0.9368223242779633,0.0009640702386143915,1.0010182955302298,0.4528182317722538,,,0.9165073298537858,0.00025931539047315786,23205.333333333332,129.32646029847618,4389.0,0.0
aggregate,bitnet_mlp_f7_fixed,bitnet_mlp_f7_fixed__mean,onnx,bitnet_mlp,,42,1,0.7192228915662651,0.0,,,,,,0.930091345307501,,0.0,0.908585665957139,0.0,0.9124813014634046,0.0,0.8860073913676505,,0.0,0.9333922376603725,0.0,0.055131008848547935,0.0,,,0.9141115883512135,0.0,35086.0,0.0,4389.0,0.0
aggregate,bitnet_mlp_f7_fixed,bitnet_mlp_f7_fixed__mean,pytorch,bitnet_mlp,,42,5,0.7217602409638555,0.0029658792923473293,,,,,,0.9313663135750335,,0.0017906491592093459,0.908960486810902,0.0013773515010375216,0.9167324679232808,0.0015104434853799816,0.8861727731351238,,0.0018439915010755948,0.9376281813756474,0.0005981166629292477,0.49156099520623686,0.0063695085983145276,,,0.9161720445639976,0.0005134136920705337,23235.2,100.17584539199058,4389.0,0.0
aggregate,bitnet_mlp_f7_power2,bitnet_mlp_f7_power2__mean,onnx,bitnet_mlp,,42,1,0.7259156626506024,0.0,,,,,,0.9302145033673631,,0.0,0.9106627981375779,0.0,0.9177797921640436,0.0,0.8858940972417498,,0.0,0.9370945196827362,0.0,0.046673210337758064,0.0,,,0.9163291421186941,0.0,36154.0,0.0,4389.0,0.0
aggregate,bitnet_mlp_f7_power2,bitnet_mlp_f7_power2__mean,pytorch,bitnet_mlp,,42,3,0.7224859437751004,0.004378408956744444,,,,,,0.9276232487294931,,0.0023562805521158445,0.9080707773530025,0.005743699251899624,0.9161870153701872,0.002141181853511223,0.8863498619495114,,0.0006559465646110463,0.935878196242156,0.0012104481695603172,1.322552926062296,0.11339526788503373,,,0.91482181992887,0.001436938439597395,23132.0,277.1281292110204,4389.0,0.0
aggregate,bitnet_mlp_f8_fixed,bitnet_mlp_f8_fixed__mean,onnx,bitnet_mlp,,42,1,0.7227650602409639,0.0,,,,,,0.931904684806856,,0.0,0.9091641285904402,0.0,0.9161740983744825,0.0,0.8858592003403605,,0.0,0.9326106348842271,0.0,0.05267597176134586,0.0,,,0.9151425493992733,0.0,35086.0,0.0,4389.0,0.0
aggregate,bitnet_mlp_f8_fixed,bitnet_mlp_f8_fixed__mean,pytorch,bitnet_mlp,,42,3,0.7228353413654619,0.00040519978770201453,,,,,,0.9310410805973016,,0.0023763767960915155,0.9085976620835643,0.000867482663289429,0.915392172750657,0.0006977394001806335,0.8863333903113372,,0.0014231130530968027,0.9341099838807384,0.0016425916490482248,1.2013315609656274,0.02630242248953625,,,0.9150948579247197,0.0002035546659393285,23120.0,277.1281292110204,4389.0,0.0
aggregate,bitnet_topo_f7_fixed,bitnet_topo_f7_fixed__mean,pytorch,bitnet_topo,,42,3,0.7207951807228916,0.0019698795180722655,,,,,,0.9220438218441337,,0.007993855759666353,0.9055500480760972,0.006425615507215554,0.9150751777699014,0.0006565563575407662,0.8865554293474668,,0.0008336849565887631,0.9384603781924294,0.002836886140996093,0.9640590523680052,0.08775749089912077,,,0.9135369710460058,0.00204177682955707,30938.0,0.0,6469.0,0.0
aggregate,deepsets_hlf,deepsets_hlf__mean,pytorch,deepsets_hlf,,42,3,0.7524036144578313,0.0017136727833741302,,,,,,0.9480606436117522,,0.0004957677491366757,0.9410099662697782,0.0008916999296683871,0.9292291408883914,0.00114494239674176,0.8961851898533407,,0.0011143235856359895,0.9561351972542184,0.0006248529561484595,0.15595180944850048,0.0026273547154977974,,,0.9341240275754962,0.0008132886911392092,26780.0,0.0,5349.0,0.0
aggregate,hgq_mlp,hgq_mlp__mean,hgq,hgq_mlp,,42,3,0.7614297188755019,0.0001392509112256387,,,,,,0.9522401895323501,,0.00021625021981091383,0.9459381531050371,0.0004614019642465249,0.9372375676864109,0.0004155225230617135,0.9008129992065143,,0.00010116810955103046,0.9599480140447811,0.0002213859137569864,2.582875507262846,0.13409832888454337,,,0.9392353847150187,0.00015525210159185156,149264.0,0.0,8804.0,0.0
aggregate,hgq_mlp_topo,hgq_mlp_topo__mean,hgq,hgq_mlp,,42,1,0.7617530120481928,0.0,,,,,,,,,,,,,,,,,,0.4946861658245325,0.0,,,0.9394844486587992,0.0,193616.0,0.0,12962.0,0.0
aggregate,jetformer_hlf,jetformer_hlf__mean,pytorch,jetformer_hlf,,42,3,0.7695321285140562,0.0002165604698969528,,,,,,0.9556138106235844,,0.00022517342038834044,0.9504642889507814,0.00042460126947324513,0.942953990800238,0.0003877598975611829,0.9074727102440829,,0.0005735491798860777,0.9648280871147481,0.00023089572761335623,1.4949158933013678,0.12128483612006379,,,0.9442665775466871,0.0002953698124371674,256690.0,0.0,59621.0,0.0
aggregate,linformer_hlf,linformer_hlf__mean,pytorch,linformer_hlf,,42,3,0.768359437751004,0.0002486962180533695,,,,,,0.9549344695571,,0.0003055626152059479,0.9498781970228073,0.00029928161534315776,0.9419250530022262,0.000232001897880247,0.9068111210040767,,0.00022857248939031142,0.9643051547259193,9.79007415229948e-05,1.0779706047226985,0.1913974861998732,,,0.9435707990624259,0.00014072514642423926,89273.0,0.0,18765.0,0.0
aggregate,mlp_baseline,mlp_baseline__mean,pytorch,mlp_baseline,,42,3,0.7664236947791165,0.0002576548583509358,,,,,,0.9538885388819233,,0.0003249918798864666,0.9482706342237143,0.0004635291034261705,0.9403172238441213,0.00027717400440976323,0.9049292498104213,,0.00031793198938219,0.9629724816147721,0.00037075784485561287,0.0939184835491081,0.004246415894291601,,,0.9420756256749904,0.0003047802485079409,22940.0,0.0,4389.0,0.0
aggregate,mlp_mixer_hlf,mlp_mixer_hlf__mean,pytorch,mlp_mixer_hlf,,42,3,0.7671425702811244,0.00010577965615313979,,,,,,0.9546249150860721,,0.0002664284906489363,0.9494011089342846,4.617334933002394e-05,0.9411574300411751,0.0004711812639049879,0.9057757825690418,,0.00017132732055997378,0.9639605919095019,0.0002783827982997843,0.8040387627358238,0.027051665202798322,,,0.9429839657080151,0.00015085991273269228,61144.0,0.0,12037.0,0.0
aggregate,mlp_topo,mlp_topo__mean,pytorch,mlp_topo,,42,3,0.7663413654618475,0.00020271181307460935,,,,,,0.9539761591382107,,0.00018282577838154367,0.9485055492509952,0.0003817218836950434,0.9405090399289943,0.0003789465079183653,0.9046642891096709,,0.0003942139752224647,0.9631175931712449,0.0002345899684306483,0.09201704167450468,0.015231781085740656,,,0.9421545261198231,0.000191072187055123,30626.0,0.0,6469.0,0.0
aggregate,multihead_attention_hlf,multihead_attention_hlf__mean,pytorch,multihead_attention_hlf,,42,3,0.7686586345381526,0.0006967234904893355,,,,,,0.9552498695716786,,0.000155288248840701,0.9501974108236523,0.00018799860359471006,0.9423265937961572,0.0007245378078024732,0.9071216918130531,,0.00036409244786868853,0.9644644529541382,0.0004576384809644816,1.0099171622035403,0.02724691618076964,,,0.943872003791736,0.0003441722699638455,90070.0,0.0,18917.0,0.0
aggregate,qkeras_mlp,qkeras_mlp__mean,qkeras,qkeras_mlp,,42,3,0.7657891566265059,0.0004797768267171248,,,,,,0.9534764492216307,,0.0002743801189829897,0.9483819618690585,0.0002895365000416648,0.9398243664544416,0.0002338082126107609,0.9043777285485203,,0.00013271567873027713,0.9627478205353633,0.00020832491968602316,0.5533088074686626,0.043368138860855936,,,0.941761665325803,0.00020376593928361203,85944.0,0.0,4389.0,0.0
aggregate,qkeras_mlp_b10,qkeras_mlp_b10__mean,qkeras,qkeras_mlp,,42,3,0.766277108433735,0.00010026094564515599,,,,,,0.9541426817997447,,4.263017511743195e-05,0.9486540941259806,0.00010367206649331065,0.9403414593274114,0.00010680552591796115,0.9048962193659742,,5.964867424674248e-05,0.9632444872470924,0.00020808805138680425,0.5464562000706792,0.015640713136936636,,,0.9422557883732408,7.086062847772099e-05,85944.0,0.0,4389.0,0.0
aggregate,qkeras_mlp_b12,qkeras_mlp_b12__mean,qkeras,qkeras_mlp,,42,3,0.7663112449799198,0.0004270456958244479,,,,,,0.9542008584496976,,8.835272443369158e-05,0.9487240247711096,2.7735177472253572e-05,0.9404156318944326,0.0002804525083974883,0.9049224530577519,,0.00018980051125247992,0.9633316720183474,0.00022912833403808167,0.5369202392175794,0.004249933887448528,,,0.9423189280382678,0.00012632453796126872,85944.0,0.0,4389.0,0.0
aggregate,qkeras_mlp_b5,qkeras_mlp_b5__mean,qkeras,qkeras_mlp,,42,3,0.7639999999999999,0.0006762299751137188,,,,,,0.9530412747558835,,0.000344554085284014,0.9474819033041874,0.0001676665251972234,0.9386663854863015,0.0003912497622648052,0.9031594680903706,,0.0004016918688433952,0.9616947713595475,0.00047574664215455813,0.5246785973819593,0.03709372520807113,,,0.9408087605992582,0.00012465381810707765,85944.0,0.0,4389.0,0.0
aggregate,qkeras_mlp_b7,qkeras_mlp_b7__mean,qkeras,qkeras_mlp,,42,3,0.7663413654618475,0.00031546561801931174,,,,,,0.9541270109745964,,0.0002621912524926896,0.948595885680129,0.0002758896826118034,0.9402173822854585,0.00017758396740867935,0.9047348098417984,,0.00032000705310477814,0.9632058574935747,0.0002849280167283304,0.5927634006366134,0.14595648073858,,,0.9421761892551114,0.00023925553110347097,85944.0,0.0,4389.0,0.0
aggregate,qkeras_mlp_b8,qkeras_mlp_b8__mean,qkeras,qkeras_mlp,,42,3,0.7663815261044177,0.0005100717822155295,,,,,,0.9542432144804032,,0.00021585945342478846,0.9487238653850453,0.00015012956591942516,0.9403336907607417,0.00016474564887774358,0.9046615010840542,,0.00014459813801523982,0.9630905208300086,0.00033525492026761125,0.5571872778236866,0.01668253160890789,,,0.9422105585080506,0.00014268613159262774,85944.0,0.0,4389.0,0.0
aggregate,qkeras_mlp_binary,qkeras_mlp_binary__mean,qkeras,qkeras_mlp,,42,1,0.6310963855421686,0.0,,,,,,,,,,,,,,,,,,0.23272042907774448,0.0,,,0.8552876615264168,0.0,85944.0,0.0,4389.0,0.0
aggregate,qkeras_mlp_ternary,qkeras_mlp_ternary__mean,qkeras,qkeras_mlp,,42,1,0.7087168674698795,0.0,,,,,,,,,,,,,,,,,,0.25378400832414627,0.0,,,0.8978599687779921,0.0,85944.0,0.0,4389.0,0.0
aggregate,qkeras_mlp_topo,qkeras_mlp_topo__mean,qkeras,qkeras_mlp,,42,1,0.765289156626506,0.0,,,,,,,,,,,,,,,,,,0.23663655668497086,0.0,,,0.941976262670283,0.0,104904.0,0.0,6469.0,0.0
aggregate,ternary_128_64_64_64,ternary_128_64_64_64__mean,pytorch,ternary_large,,42,3,0.7538574297188755,0.0005989155697422574,,,,,,0.9482551821710729,,0.00027133091998539116,0.9410579489681253,0.00030450417321353687,0.9338071768599016,0.0007834503910527301,0.8991769558573585,,0.0013244311174433793,0.9566106027406276,0.000522587159350727,1.3308125054463744,0.0867191518749166,,,0.9357815733194172,0.0003559215541338414,82526.0,0.0,19077.0,0.0
aggregate,xgboost_bdt__seed42,xgboost_bdt__seed42__mean,xgboost,xgboost_bdt,,42,1,0.7662650602409639,0.0,,,,,,0.9532544085485021,,0.0,0.9474071287987095,0.0,0.9402583548833015,0.0,0.9049404012554545,,0.0,0.9637830170045489,0.0,10.501075962558389,0.0,,,0.9419286620981033,0.0,114266227.0,0.0,3299747.0,0.0
aggregate,xgboost_bdt__seed43,xgboost_bdt__seed43__mean,xgboost,xgboost_bdt,,42,1,0.7656867469879518,0.0,,,,,,0.9531742290187804,,0.0,0.9473727880488692,0.0,0.9399942139128711,0.0,0.9048204435267353,,0.0,0.9636961170419314,0.0,8.950971154496074,0.0,,,0.9418115583098375,0.0,102786856.0,0.0,2970248.0,0.0
aggregate,xgboost_bdt__seed44,xgboost_bdt__seed44__mean,xgboost,xgboost_bdt,,42,1,0.7657951807228915,0.0,,,,,,0.9532325443279619,,0.0,0.9473918466007971,0.0,0.9400798102032535,0.0,0.9048061073136164,,0.0,0.9636698785073159,0.0,8.483397215604782,0.0,,,0.941836037390589,0.0,95879661.0,0.0,2771699.0,0.0
aggregate,xgboost_bdt_conifer600__seed42,xgboost_bdt_conifer600__seed42__mean,xgboost,xgboost_bdt,,42,1,0.7659578313253012,0.0,,,,,,0.9531665844413302,,0.0,0.9474685386339647,0.0,0.9403734676650337,0.0,0.9049707597695074,,0.0,0.9637798705757872,0.0,10.481538265943527,0.0,,,0.9419518442171245,0.0,106499210.0,0.0,3073368.0,0.0
aggregate,xgboost_bdt_conifer_d3_50__seed42,xgboost_bdt_conifer_d3_50__seed42__mean,xgboost,xgboost_bdt,,42,1,0.7380180722891566,0.0,,,,,,0.9415727616733146,,0.0,0.9307342435339426,0.0,0.9151987292723626,0.0,0.8875412931961175,,0.0,0.9481131100875995,0.0,0.17631123028695583,0.0,,,0.9246320275526673,0.0,299500.0,0.0,3750.0,0.0
aggregate,xgboost_bdt_conifer_d4_100__seed42,xgboost_bdt_conifer_d4_100__seed42__mean,xgboost,xgboost_bdt,,42,1,0.7476686746987952,0.0,,,,,,0.9450888540311324,,0.0,0.9361519236110377,0.0,0.9246081495762197,0.0,0.8933592454173666,,0.0,0.9541317236610476,0.0,0.21709850430488586,0.0,,,0.9306679792593607,0.0,865066.0,0.0,15496.0,0.0
